<?xml version="1.0" encoding="UTF-8"?>
<project version="4">
  <component name="BookmarksTool">
    <option name="myTreeState">
      <TreeState />
    </option>
  </component>
  <component name="ChangeListManager">
    <list default="true" id="9ae03f40-1b3d-44a0-9738-f875cefed647" name="Default" comment="">
      <change type="NEW" beforePath="" afterPath="$PROJECT_DIR$/../ESUILang/.gitattributes" />
      <change type="NEW" beforePath="" afterPath="$PROJECT_DIR$/../ESUILang/.mps/vcs.xml" />
    </list>
    <option name="EXCLUDED_CONVERTED_TO_IGNORED" value="true" />
    <option name="TRACKING_ENABLED" value="true" />
    <option name="SHOW_DIALOG" value="false" />
    <option name="HIGHLIGHT_CONFLICTS" value="true" />
    <option name="HIGHLIGHT_NON_ACTIVE_CHANGELIST" value="false" />
    <option name="LAST_RESOLUTION" value="IGNORE" />
  </component>
  <component name="ConsoleHistory">
    <option name="tabs">
      <list>
        <TabState>
          <option name="title" value="Console" />
          <tab>
            <model ref="ef40fd8b-b39a-4fc0-850e-6030c7dccc17/r:189d9f31-ad76-4cde-b9ad-f018370260f2(TempModuleef40fd8b-b39a-4fc0-850e-6030c7dccc17/TempModel_131456811694205)">
              <persistence version="9" />
              <languages>
                <use id="de1ad86d-6e50-4a02-b306-d4d17f64c375" name="jetbrains.mps.console.base" version="0" />
                <use id="a5e4de53-46a3-44da-aab3-68fdf1c34ed0" name="jetbrains.mps.console.ideCommands" version="1" />
                <use id="995a7394-7f76-4b8b-a929-c53448708106" name="jetbrains.mps.console.internalCommands" version="0" />
                <use id="f26691d2-0def-4c06-aec6-2cb90c4af0a4" name="jetbrains.mps.console.scripts" version="0" />
                <devkit ref="fbc25dd2-5da4-483a-8b19-70928e1b62d7(jetbrains.mps.devkit.general-purpose)" />
              </languages>
              <imports>
                <import index="eynw" ref="r:359b1d2b-77c4-46df-9bf2-b25cbea32254(jetbrains.mps.console.base.structure)" />
                <import index="caxt" ref="r:135a606f-0376-4c5c-9ab8-4030f051a062(jetbrains.mps.console.ideCommands.structure)" />
                <import index="wns9" ref="r:90445206-a973-4c1d-b760-30e5c77b7497(jetbrains.mps.console.internalCommands.structure)" />
                <import index="z2sp" ref="r:e712f353-5c3c-4288-adce-87c956a52ffb(jetbrains.mps.console.scripts.structure)" />
              </imports>
              <registry>
                <language id="ceab5195-25ea-4f22-9b92-103b95ca8c0c" name="jetbrains.mps.lang.core">
                  <concept id="1169194658468" name="jetbrains.mps.lang.core.structure.INamedConcept" flags="ng" index="TrEIO">
                    <property id="1169194664001" name="name" index="TrG5h" />
                  </concept>
                </language>
                <language id="de1ad86d-6e50-4a02-b306-d4d17f64c375" name="jetbrains.mps.console.base">
                  <concept id="1583916890557930028" name="jetbrains.mps.console.base.structure.ConsoleRoot" flags="ng" index="aymSD">
                    <child id="1583916890557930415" name="history" index="aymYE" />
                    <child id="1583916890557930417" name="commandHolder" index="aymYO" />
                    <child id="9025248442620242919" name="cursor" index="1PhJh3" />
                  </concept>
                  <concept id="5758176878586720817" name="jetbrains.mps.console.base.structure.CommandHolderRef" flags="ng" index="2_V_lH">
                    <reference id="5758176878586720818" name="target" index="2_V_lI" />
                  </concept>
                  <concept id="351968380916615243" name="jetbrains.mps.console.base.structure.CommandHolder" flags="ng" index="2Clz$F" />
                  <concept id="757553790980850366" name="jetbrains.mps.console.base.structure.History" flags="ng" index="3balQm" />
                </language>
              </registry>
              <node concept="aymSD" id="74oDAylXgqa">
                <node concept="3balQm" id="74oDAylXgqb" role="aymYE" />
                <node concept="2Clz$F" id="74oDAylXgqc" role="aymYO">
                  <property role="TrG5h" value="CommandHolder" />
                </node>
                <node concept="2_V_lH" id="74oDAylXgqd" role="1PhJh3">
                  <ref role="2_V_lI" node="74oDAylXgqc" resolve="CommandHolder" />
                </node>
              </node>
            </model>
          </tab>
        </TabState>
      </list>
    </option>
  </component>
  <component name="DefaultSearchOptions3">
    <search_options>
      <finders>
        <finders />
      </finders>
      <scope>
        <scope_type scope_type="PROJECT" module="&lt;default&gt;" model="&lt;default&gt;" />
      </scope>
      <view>
        <flags show_one_result="true" new_tab="false" />
      </view>
    </search_options>
  </component>
  <component name="FileEditorManager">
    <leaf SIDE_TABS_SIZE_LIMIT_KEY="300">
      <file leaf-file-name="StateMachine" pinned="false" current-in-tab="true">
        <entry file="mps://node://hse.thesis.esuilang.statemachine/hse.thesis.esuilang.statemachine.structure/StateMachine">
          <provider selected="true" editor-type-id="MPSFileEditor">
            <state class="jetbrains.mps.ide.editor.tabs.TabbedEditor$TabbedEditorState">
              <memento saveSessionState="false" viewPositionX="0" viewPositionY="0">
                <selectionStack>
                  <stackElement className="jetbrains.mps.nodeEditor.selection.EditorCellLabelSelection">
                    <property name="hasNonTrivialSelection" value="false" />
                    <property name="caretX" value="143" />
                    <property name="caretXRelative" value="0" />
                    <property name="sideSelectDirection" value="NONE" />
                    <cellInfo cellId="empty_canBeParent" cellNumber="0" isInList="false">
                      <node node_reference="r:4403b172-5462-4f79-9a82-497088ba0343(hse.thesis.esuilang.statemachine.constraints)/7908250098678127422" />
                    </cellInfo>
                  </stackElement>
                </selectionStack>
                <errorMarkers />
                <transactionalProperties />
                <foldable>
                  <collapsedElement isCollapsed="false">
                    <cellIdElement cellId="Collection_trik0f_b0" cellNumber="0" isInList="false">
                      <node node_reference="r:4403b172-5462-4f79-9a82-497088ba0343(hse.thesis.esuilang.statemachine.constraints)/7908250098678128367" />
                    </cellIdElement>
                  </collapsedElement>
                </foldable>
                <restoreAlways />
              </memento>
              <inspectorMemento currentlyEditedNode="r:4403b172-5462-4f79-9a82-497088ba0343(hse.thesis.esuilang.statemachine.constraints)/7908250098678127422" saveSessionState="false" viewPositionX="0" viewPositionY="0">
                <selectionStack />
                <errorMarkers />
                <transactionalProperties />
                <foldable />
                <restoreAlways />
                <enabledHints />
              </inspectorMemento>
              <node node_ref="r:4403b172-5462-4f79-9a82-497088ba0343(hse.thesis.esuilang.statemachine.constraints)/7908250098678127422" />
            </state>
          </provider>
        </entry>
      </file>
    </leaf>
  </component>
  <component name="Git.Settings">
    <option name="RECENT_GIT_ROOT_PATH" value="$PROJECT_DIR$/../ESUILang" />
  </component>
  <component name="MPSBookmarkManager">
    <option name="myBookmarkInfos">
      <array>
        <BookmarkInfo />
        <BookmarkInfo />
        <BookmarkInfo />
        <BookmarkInfo />
        <BookmarkInfo />
        <BookmarkInfo />
        <BookmarkInfo />
        <BookmarkInfo />
        <BookmarkInfo />
        <BookmarkInfo />
      </array>
    </option>
  </component>
  <component name="ProjectFrameBounds">
    <option name="x" value="-8" />
    <option name="y" value="-8" />
    <option name="width" value="1378" />
    <option name="height" value="744" />
  </component>
  <component name="ProjectLevelVcsManager" settingsEditedManually="true" />
  <component name="ProjectPluginManager">
    <option name="pluginsState">
      <option name="jetbrains.mps.baseLanguage.lightweightdsl.pluginSolution.plugin.PluginSolution_ProjectPlugin">
        <value>
          <PluginState />
        </value>
      </option>
      <option name="jetbrains.mps.editor.contextActionsTool.pluginSolution.plugin.PluginSolution_ProjectPlugin">
        <value>
          <PluginState />
        </value>
      </option>
      <option name="jetbrains.mps.execution.configurations.implementation.plugin.plugin.Plugin_ProjectPlugin">
        <value>
          <PluginState />
        </value>
      </option>
      <option name="jetbrains.mps.execution.configurations.pluginSolution.plugin.PluginSolution_ProjectPlugin">
        <value>
          <PluginState />
        </value>
      </option>
      <option name="jetbrains.mps.ide.actions.Ide_ProjectPlugin">
        <value>
          <PluginState>
            <option name="myComponentsState">
              <list>
                <ComponentState>
                  <option name="first" value="jetbrains.mps.ide.actions.BehaviorDialogsPersistentOptions_PreferencesComponent" />
                  <params>
                    <option name="addReturnsOnImplement" value="false" />
                    <option name="sortAlphabetically" value="false" />
                    <option name="removeAttributes" value="true" />
                  </params>
                </ComponentState>
              </list>
            </option>
          </PluginState>
        </value>
      </option>
      <option name="jetbrains.mps.ide.devkit.actions.Mpsdevkit_ProjectPlugin">
        <value>
          <PluginState />
        </value>
      </option>
      <option name="jetbrains.mps.ide.make.actions.Make_ProjectPlugin">
        <value>
          <PluginState />
        </value>
      </option>
    </option>
  </component>
  <component name="ProjectView">
    <navigator currentView="ProjectPane" proportions="" version="1">
      <flattenPackages />
      <showMembers />
      <showModules />
      <showLibraryContents />
      <hideEmptyPackages />
      <abbreviatePackageNames />
      <autoscrollToSource />
      <autoscrollFromSource />
      <sortByType />
      <manualOrder />
      <foldersAlwaysOnTop value="true" />
    </navigator>
    <panes>
      <pane id="FileSystem" />
      <pane id="Favorites" />
      <pane id="ProjectPane">
        <subPane>
          <PATH>
            <PATH_ELEMENT>
              <option name="myItemId" value="Project" />
              <option name="myItemType" value="" />
            </PATH_ELEMENT>
          </PATH>
          <SELECTED>
            <PATH_ELEMENT>
              <option name="myItemId" value="Project" />
              <option name="myItemType" value="" />
            </PATH_ELEMENT>
          </SELECTED>
        </subPane>
      </pane>
    </panes>
  </component>
  <component name="PropertiesComponent">
    <property name="last_opened_file_path" value="$PROJECT_DIR$/../GitFile" />
    <property name="settings.editor.selected.configurable" value="project.propVCSSupport.Mappings" />
  </component>
  <component name="RunDashboard">
    <option name="ruleStates">
      <list>
        <RuleState>
          <option name="name" value="ConfigurationTypeDashboardGroupingRule" />
        </RuleState>
        <RuleState>
          <option name="name" value="StatusDashboardGroupingRule" />
        </RuleState>
      </list>
    </option>
  </component>
  <component name="RunManager">
    <configuration default="true" type="JUnit Tests" factoryName="JUnit Tests">
      <MyState />
      <myJUnitSettings>
        <MyState>
          <option name="myModel" />
          <option name="myModule" />
          <option name="myInProcess" value="true" />
          <option name="myReuseCaches" value="true" />
          <option name="myDebug" value="false" />
          <option name="myCachesPath" value="C:\Users\Home\AppData\Local\Temp\mps_test_dir0" />
          <option name="myTestCases">
            <list />
          </option>
          <option name="myTestMethods">
            <list />
          </option>
          <option name="myRunType" value="0" />
        </MyState>
      </myJUnitSettings>
      <myJavaRunParameters>
        <MyState>
          <option name="myJavaRunParameters">
            <JavaRunParameters>
              <option name="jrePath" />
              <option name="programParameters" />
              <option name="useAlternativeJre" value="false" />
              <option name="vmOptions" />
              <option name="workingDirectory" />
            </JavaRunParameters>
          </option>
        </MyState>
      </myJavaRunParameters>
      <method />
    </configuration>
  </component>
  <component name="ShelveChangesManager" show_recycled="false">
    <option name="remove_strategy" value="false" />
  </component>
  <component name="SvnConfiguration">
    <configuration>C:\Users\Home\AppData\Roaming\Subversion</configuration>
  </component>
  <component name="ToolWindowManager">
    <frame x="-8" y="-8" width="1378" height="744" extended-state="0" />
    <layout>
      <window_info id="Bookmarks" active="false" anchor="bottom" auto_hide="false" internal_type="DOCKED" type="DOCKED" visible="false" show_stripe_button="true" weight="0.33" sideWeight="0.5" order="7" side_tool="false" content_ui="tabs" />
      <window_info id="Model Checker" active="false" anchor="bottom" auto_hide="false" internal_type="DOCKED" type="DOCKED" visible="false" show_stripe_button="true" weight="0.33" sideWeight="0.5" order="7" side_tool="false" content_ui="tabs" />
      <window_info id="Migration" active="false" anchor="bottom" auto_hide="false" internal_type="DOCKED" type="DOCKED" visible="false" show_stripe_button="true" weight="0.33" sideWeight="0.5" order="7" side_tool="false" content_ui="tabs" />
      <window_info id="Event Log" active="false" anchor="bottom" auto_hide="false" internal_type="DOCKED" type="DOCKED" visible="false" show_stripe_button="true" weight="0.33" sideWeight="0.5" order="7" side_tool="true" content_ui="tabs" />
      <window_info id="Generation Tracer" active="false" anchor="bottom" auto_hide="false" internal_type="DOCKED" type="DOCKED" visible="false" show_stripe_button="true" weight="0.33" sideWeight="0.5" order="7" side_tool="false" content_ui="tabs" />
      <window_info id="Hierarchy" active="false" anchor="right" auto_hide="false" internal_type="DOCKED" type="DOCKED" visible="false" show_stripe_button="true" weight="0.25" sideWeight="0.5" order="2" side_tool="false" content_ui="combo" />
      <window_info id="Class Hierarchy" active="false" anchor="right" auto_hide="false" internal_type="DOCKED" type="DOCKED" visible="false" show_stripe_button="true" weight="0.33" sideWeight="0.5" order="3" side_tool="false" content_ui="tabs" />
      <window_info id="Module Dependencies" active="false" anchor="bottom" auto_hide="false" internal_type="DOCKED" type="DOCKED" visible="false" show_stripe_button="true" weight="0.33" sideWeight="0.5" order="7" side_tool="false" content_ui="tabs" />
      <window_info id="Console" active="false" anchor="bottom" auto_hide="false" internal_type="DOCKED" type="DOCKED" visible="false" show_stripe_button="true" weight="0.21993671" sideWeight="0.5" order="7" side_tool="false" content_ui="tabs" />
      <window_info id="Inspector" active="false" anchor="bottom" auto_hide="false" internal_type="DOCKED" type="DOCKED" visible="false" show_stripe_button="true" weight="0.32911393" sideWeight="0.5030257" order="7" side_tool="true" content_ui="tabs" />
      <window_info id="Structure" active="false" anchor="left" auto_hide="false" internal_type="DOCKED" type="DOCKED" visible="false" show_stripe_button="true" weight="0.25" sideWeight="0.5" order="1" side_tool="false" content_ui="tabs" />
      <window_info id="Usages" active="false" anchor="bottom" auto_hide="false" internal_type="DOCKED" type="DOCKED" visible="false" show_stripe_button="true" weight="0.33" sideWeight="0.5" order="7" side_tool="false" content_ui="tabs" />
      <window_info id="TODO" active="false" anchor="bottom" auto_hide="false" internal_type="DOCKED" type="DOCKED" visible="false" show_stripe_button="true" weight="0.33" sideWeight="0.5" order="6" side_tool="false" content_ui="tabs" />
      <window_info id="Messages" active="false" anchor="bottom" auto_hide="false" internal_type="DOCKED" type="DOCKED" visible="false" show_stripe_button="true" weight="0.32911393" sideWeight="0.4969743" order="7" side_tool="false" content_ui="tabs" />
      <window_info id="Context Actions" active="false" anchor="right" auto_hide="false" internal_type="DOCKED" type="DOCKED" visible="false" show_stripe_button="true" weight="0.33" sideWeight="0.5" order="3" side_tool="false" content_ui="tabs" />
      <window_info id="Version Control" active="true" anchor="bottom" auto_hide="false" internal_type="DOCKED" type="DOCKED" visible="true" show_stripe_button="true" weight="0.32911393" sideWeight="0.5" order="7" side_tool="false" content_ui="tabs" />
      <window_info id="RefactoringView" active="false" anchor="bottom" auto_hide="false" internal_type="DOCKED" type="DOCKED" visible="false" show_stripe_button="true" weight="0.33" sideWeight="0.5" order="7" side_tool="false" content_ui="tabs" />
      <window_info id="Node Explorer" active="false" anchor="bottom" auto_hide="false" internal_type="DOCKED" type="DOCKED" visible="false" show_stripe_button="true" weight="0.33" sideWeight="0.5" order="7" side_tool="false" content_ui="tabs" />
      <window_info id="Typechecker State" active="false" anchor="bottom" auto_hide="false" internal_type="DOCKED" type="DOCKED" visible="false" show_stripe_button="true" weight="0.33" sideWeight="0.5" order="7" side_tool="false" content_ui="tabs" />
      <window_info id="Terminal" active="false" anchor="bottom" auto_hide="false" internal_type="DOCKED" type="DOCKED" visible="false" show_stripe_button="true" weight="0.33" sideWeight="0.5" order="7" side_tool="false" content_ui="tabs" />
      <window_info id="Supertypes" active="false" anchor="right" auto_hide="false" internal_type="DOCKED" type="DOCKED" visible="false" show_stripe_button="true" weight="0.33" sideWeight="0.5" order="3" side_tool="false" content_ui="tabs" />
      <window_info id="Project" active="false" anchor="left" auto_hide="false" internal_type="DOCKED" type="DOCKED" visible="true" show_stripe_button="true" weight="0.20485584" sideWeight="0.5" order="0" side_tool="false" content_ui="combo" />
      <window_info id="Typesystem Trace" active="false" anchor="right" auto_hide="false" internal_type="DOCKED" type="DOCKED" visible="false" show_stripe_button="true" weight="0.33" sideWeight="0.5" order="3" side_tool="false" content_ui="tabs" />
      <window_info id="Classpath Explorer" active="false" anchor="bottom" auto_hide="false" internal_type="DOCKED" type="DOCKED" visible="false" show_stripe_button="true" weight="0.33" sideWeight="0.5" order="7" side_tool="false" content_ui="tabs" />
      <window_info id="Cell Explorer" active="false" anchor="bottom" auto_hide="false" internal_type="DOCKED" type="DOCKED" visible="false" show_stripe_button="true" weight="0.33" sideWeight="0.5" order="7" side_tool="false" content_ui="tabs" />
      <window_info id="Dependencies Viewer" active="false" anchor="bottom" auto_hide="false" internal_type="DOCKED" type="DOCKED" visible="false" show_stripe_button="true" weight="0.33" sideWeight="0.5" order="7" side_tool="false" content_ui="tabs" />
      <window_info id="Cvs" active="false" anchor="bottom" auto_hide="false" internal_type="DOCKED" type="DOCKED" visible="false" show_stripe_button="true" weight="0.25" sideWeight="0.5" order="4" side_tool="false" content_ui="tabs" />
      <window_info id="Message" active="false" anchor="bottom" auto_hide="false" internal_type="DOCKED" type="DOCKED" visible="false" show_stripe_button="true" weight="0.33" sideWeight="0.5" order="0" side_tool="false" content_ui="tabs" />
      <window_info id="Commander" active="false" anchor="right" auto_hide="false" internal_type="DOCKED" type="DOCKED" visible="false" show_stripe_button="true" weight="0.4" sideWeight="0.5" order="0" side_tool="false" content_ui="tabs" />
      <window_info id="Ant Build" active="false" anchor="right" auto_hide="false" internal_type="DOCKED" type="DOCKED" visible="false" show_stripe_button="true" weight="0.25" sideWeight="0.5" order="1" side_tool="false" content_ui="tabs" />
      <window_info id="Debug" active="false" anchor="bottom" auto_hide="false" internal_type="DOCKED" type="DOCKED" visible="false" show_stripe_button="true" weight="0.4" sideWeight="0.5" order="3" side_tool="false" content_ui="tabs" />
      <window_info id="Inspection" active="false" anchor="bottom" auto_hide="false" internal_type="DOCKED" type="DOCKED" visible="false" show_stripe_button="true" weight="0.4" sideWeight="0.5" order="5" side_tool="false" content_ui="tabs" />
      <window_info id="Run" active="false" anchor="bottom" auto_hide="false" internal_type="DOCKED" type="DOCKED" visible="false" show_stripe_button="true" weight="0.33" sideWeight="0.5" order="2" side_tool="false" content_ui="tabs" />
      <window_info id="Find" active="false" anchor="bottom" auto_hide="false" internal_type="DOCKED" type="DOCKED" visible="false" show_stripe_button="true" weight="0.33" sideWeight="0.5" order="1" side_tool="false" content_ui="tabs" />
    </layout>
  </component>
  <component name="UsagesViewTool">
    <version id="1" />
    <tabs />
    <default_view_options>
      <options category_option="false" module_option="true" model_option="true" root_option="true" path_option="false" count_option="true" info_option="true" view_searched_nodes_option="true" group_searched_nodes_option="true" autoscroll_option="false" />
    </default_view_options>
  </component>
  <component name="Vcs.Log.Tabs.Properties">
    <option name="TAB_STATES">
      <map>
        <entry key="EXTERNAL C:/Users/Home/MPSProjects/GitFile">
          <value>
            <State>
              <option name="RECENTLY_FILTERED_USER_GROUPS">
                <collection />
              </option>
              <option name="RECENTLY_FILTERED_BRANCH_GROUPS">
                <collection />
              </option>
            </State>
          </value>
        </entry>
      </map>
    </option>
  </component>
  <component name="VcsContentAnnotationSettings">
    <option name="myLimit" value="2678400000" />
  </component>
  <component name="editorHistoryManager">
    <entry file="mps://node://hse.thesis.eusuilang.expression/hse.thesis.eusuilang.expression.structure/&lt;no name&gt;[ConceptDeclaration]" />
    <entry file="mps://node://hse.thesis.eusuilang.expression/hse.thesis.eusuilang.expression.structure/&lt;no name&gt;[ConceptDeclaration]" />
    <entry file="mps://node://hse.thesis.eusuilang.expression/hse.thesis.eusuilang.expression.structure/&lt;no name&gt;[ConceptDeclaration]" />
    <entry file="mps://node://hse.thesis.eusuilang.expression/hse.thesis.eusuilang.expression.structure/&lt;no name&gt;[ConceptDeclaration]" />
    <entry file="mps://node://hse.thesis.eusuilang.expression/hse.thesis.eusuilang.expression.structure/&lt;no name&gt;[ConceptDeclaration]" />
    <entry file="mps://node://hse.thesis.eusuilang.expression/hse.thesis.eusuilang.expression.structure/&lt;no name&gt;[ConceptDeclaration]" />
    <entry file="mps://node://hse.thesis.eusuilang.expression/hse.thesis.eusuilang.expression.structure/&lt;no name&gt;[ConceptDeclaration]" />
    <entry file="mps://node://hse.thesis.eusuilang.expression/hse.thesis.eusuilang.expression.structure/&lt;no name&gt;[ConceptDeclaration]" />
    <entry file="mps://node://hse.thesis.eusuilang.expression/hse.thesis.eusuilang.expression.structure/&lt;no name&gt;[ConceptDeclaration]" />
    <entry file="mps://node://hse.thesis.eusuilang.expression#3428160356732491954/main@generator/main">
      <provider selected="true" editor-type-id="MPSFileEditor">
        <state class="jetbrains.mps.ide.editor.BaseNodeEditor$BaseEditorState" editorFocused="true">
          <memento saveSessionState="false" viewPositionX="0" viewPositionY="0">
            <selectionStack>
              <stackElement className="jetbrains.mps.nodeEditor.selection.EditorCellLabelSelection">
                <property name="hasNonTrivialSelection" value="false" />
                <property name="caretX" value="191" />
                <property name="caretXRelative" value="0" />
                <property name="sideSelectDirection" value="NONE" />
                <cellInfo cellId="property_name" cellNumber="0" isInList="false">
                  <node node_reference="r:abc03a33-c420-4916-a796-c0401795d1e4(main@generator)/3428160356732491955" />
                </cellInfo>
              </stackElement>
            </selectionStack>
            <errorMarkers />
            <transactionalProperties />
            <foldable>
              <collapsedElement isCollapsed="false">
                <cellIdElement cellId="refNodeList_dropAttrubuteRule" cellNumber="0" isInList="false">
                  <node node_reference="r:abc03a33-c420-4916-a796-c0401795d1e4(main@generator)/3428160356732491955" />
                </cellIdElement>
              </collapsedElement>
            </foldable>
            <restoreAlways />
          </memento>
          <inspectorMemento currentlyEditedNode="r:abc03a33-c420-4916-a796-c0401795d1e4(main@generator)/3428160356732491955" saveSessionState="false" viewPositionX="0" viewPositionY="0">
            <selectionStack />
            <errorMarkers />
            <transactionalProperties />
            <foldable />
            <restoreAlways />
            <enabledHints />
          </inspectorMemento>
        </state>
      </provider>
    </entry>
    <entry file="mps://node://hse.thesis.eusuilang.expression/hse.thesis.eusuilang.expression.structure/&lt;no name&gt;[ConceptDeclaration]" />
    <entry file="mps://node://hse.thesis.eusuilang.expression/hse.thesis.eusuilang.expression.structure/&lt;no name&gt;[ConceptDeclaration]" />
    <entry file="mps://node://hse.thesis.eusuilang.expression/hse.thesis.eusuilang.expression.structure/&lt;no name&gt;[ConceptDeclaration]" />
    <entry file="mps://node://hse.thesis.eusuilang.expression/hse.thesis.eusuilang.expression.structure/UnaryMathExpression">
      <provider selected="true" editor-type-id="MPSFileEditor">
        <state class="jetbrains.mps.ide.editor.tabs.TabbedEditor$TabbedEditorState" editorFocused="true">
          <memento saveSessionState="false" viewPositionX="0" viewPositionY="0">
            <selectionStack>
              <stackElement className="jetbrains.mps.nodeEditor.selection.EditorCellLabelSelection">
                <property name="hasNonTrivialSelection" value="false" />
                <property name="caretX" value="575" />
                <property name="caretXRelative" value="64" />
                <property name="sideSelectDirection" value="NONE" />
                <cellInfo cellId="property_role" cellNumber="0" isInList="false">
                  <node node_reference="r:e1395c80-87e9-42f4-a177-ce7747c8d20b(hse.thesis.eusuilang.expression.typesystem)/3428160356733147889" />
                </cellInfo>
              </stackElement>
            </selectionStack>
            <errorMarkers />
            <transactionalProperties />
            <foldable />
            <restoreAlways />
          </memento>
          <inspectorMemento currentlyEditedNode="r:e1395c80-87e9-42f4-a177-ce7747c8d20b(hse.thesis.eusuilang.expression.typesystem)/3428160356733147889" saveSessionState="false" viewPositionX="0" viewPositionY="0">
            <selectionStack />
            <errorMarkers />
            <transactionalProperties />
            <foldable />
            <restoreAlways />
            <enabledHints />
          </inspectorMemento>
          <node node_ref="r:e1395c80-87e9-42f4-a177-ce7747c8d20b(hse.thesis.eusuilang.expression.typesystem)/3428160356733144342" />
        </state>
      </provider>
    </entry>
    <entry file="mps://node://hse.thesis.esuilang.statemachine/hse.thesis.esuilang.statemachine.structure/&lt;no name&gt;[ConceptDeclaration]" />
    <entry file="mps://node://hse.thesis.esuilang.statemachine/hse.thesis.esuilang.statemachine.structure/&lt;no name&gt;[ConceptDeclaration]" />
    <entry file="mps://node://hse.thesis.esuilang.statemachine/hse.thesis.esuilang.statemachine.structure/&lt;no name&gt;[ConceptDeclaration]" />
    <entry file="mps://node://hse.thesis.esuilang.statemachine/hse.thesis.esuilang.statemachine.structure/&lt;no name&gt;[ConceptDeclaration]" />
    <entry file="mps://node://hse.thesis.esuilang.statemachine/hse.thesis.esuilang.statemachine.structure/&lt;no name&gt;[ConceptDeclaration]" />
    <entry file="mps://node://hse.thesis.esuilang.statemachine/hse.thesis.esuilang.statemachine.structure/&lt;no name&gt;[ConceptDeclaration]" />
    <entry file="mps://node://hse.thesis.esuilang.statemachine/hse.thesis.esuilang.statemachine.structure/&lt;no name&gt;[ConceptDeclaration]" />
    <entry file="mps://node://hse.thesis.esuilang.statemachine/hse.thesis.esuilang.statemachine.structure/&lt;no name&gt;[ConceptDeclaration]" />
    <entry file="mps://node://hse.thesis.esuilang.statemachine#7908250098678040716/main@generator/null" />
    <entry file="mps://node://hse.thesis.esuilang.statemachine.sandbox/hse.thesis.esuilang.statemachine.sandbox/nullState Machine" />
    <entry file="mps://node://hse.thesis.esuilang.statemachine.sandbox/hse.thesis.esuilang.statemachine.sandbox/nullState Machine" />
    <entry file="mps://node://hse.thesis.esuilang.statemachine.sandbox/hse.thesis.esuilang.statemachine.sandbox/nullState Machine" />
    <entry file="mps://node://hse.thesis.esuilang.statemachine#7908250098678040716/main@generator/&lt;no name&gt;[MappingConfiguration]" />
    <entry file="mps://node://hse.thesis.esuilang.statemachine.sandbox/hse.thesis.esuilang.statemachine.sandbox/nullState Machine" />
    <entry file="mps://node://hse.thesis.esuilang.statemachine.sandbox/hse.thesis.esuilang.statemachine.sandbox/nullState Machine" />
    <entry file="mps://node://hse.thesis.esuilang.statemachine.sandbox/hse.thesis.esuilang.statemachine.sandbox/nullState Machine" />
    <entry file="mps://node://hse.thesis.esuilang.statemachine.sandbox/hse.thesis.esuilang.statemachine.sandbox/nullState Machine" />
    <entry file="mps://node://hse.thesis.esuilang.statemachine/hse.thesis.esuilang.statemachine.structure/&lt;no name&gt;[ConceptDeclaration]" />
    <entry file="mps://node://hse.thesis.eusuilang.expression/hse.thesis.eusuilang.expression.structure/ElementType">
      <provider selected="true" editor-type-id="MPSFileEditor">
        <state class="jetbrains.mps.ide.editor.tabs.TabbedEditor$TabbedEditorState" editorFocused="true">
          <memento saveSessionState="false" viewPositionX="0" viewPositionY="0">
            <selectionStack>
              <stackElement className="jetbrains.mps.nodeEditor.selection.EditorCellLabelSelection">
                <property name="hasNonTrivialSelection" value="false" />
                <property name="caretX" value="71" />
                <property name="caretXRelative" value="56" />
                <property name="sideSelectDirection" value="NONE" />
                <cellInfo cellId="Constant_ueqr71_c0a" cellNumber="0" isInList="false">
                  <node node_reference="r:a928d0f5-239c-4f48-bdaa-b034fae1801f(hse.thesis.eusuilang.expression.structure)/3428160356732669105" />
                </cellInfo>
              </stackElement>
            </selectionStack>
            <errorMarkers />
            <transactionalProperties />
            <foldable />
            <restoreAlways />
          </memento>
          <inspectorMemento currentlyEditedNode="r:a928d0f5-239c-4f48-bdaa-b034fae1801f(hse.thesis.eusuilang.expression.structure)/3428160356732669105" saveSessionState="false" viewPositionX="0" viewPositionY="0">
            <selectionStack />
            <errorMarkers />
            <transactionalProperties />
            <foldable />
            <restoreAlways />
            <enabledHints />
          </inspectorMemento>
          <node node_ref="r:a928d0f5-239c-4f48-bdaa-b034fae1801f(hse.thesis.eusuilang.expression.structure)/3428160356732669105" />
        </state>
      </provider>
    </entry>
    <entry file="mps://node://hse.thesis.eusuilang.expression/hse.thesis.eusuilang.expression.structure/NumberType">
      <provider selected="true" editor-type-id="MPSFileEditor">
        <state class="jetbrains.mps.ide.editor.tabs.TabbedEditor$TabbedEditorState" editorFocused="true">
          <memento saveSessionState="false" viewPositionX="0" viewPositionY="0">
            <selectionStack>
              <stackElement className="jetbrains.mps.nodeEditor.selection.EditorCellLabelSelection">
                <property name="hasNonTrivialSelection" value="false" />
                <property name="caretX" value="15" />
                <property name="caretXRelative" value="0" />
                <property name="sideSelectDirection" value="NONE" />
                <cellInfo cellId="Constant_ueqr71_d0" cellNumber="0" isInList="false">
                  <node node_reference="r:a928d0f5-239c-4f48-bdaa-b034fae1801f(hse.thesis.eusuilang.expression.structure)/3428160356732690246" />
                </cellInfo>
              </stackElement>
            </selectionStack>
            <errorMarkers />
            <transactionalProperties />
            <foldable />
            <restoreAlways />
          </memento>
          <inspectorMemento currentlyEditedNode="r:a928d0f5-239c-4f48-bdaa-b034fae1801f(hse.thesis.eusuilang.expression.structure)/3428160356732690246" saveSessionState="false" viewPositionX="0" viewPositionY="0">
            <selectionStack>
              <stackElement className="jetbrains.mps.nodeEditor.selection.EditorCellSelection">
                <property name="caretX" value="0" />
                <property name="caretXRelative" value="-15" />
                <property name="sideSelectDirection" value="NONE" />
                <cellInfo cellId="Collection_ueqr71_a_0" cellNumber="0" isInList="false">
                  <node node_reference="r:a928d0f5-239c-4f48-bdaa-b034fae1801f(hse.thesis.eusuilang.expression.structure)/3428160356732690246" />
                </cellInfo>
              </stackElement>
            </selectionStack>
            <errorMarkers />
            <transactionalProperties />
            <foldable />
            <restoreAlways />
            <enabledHints />
          </inspectorMemento>
          <node node_ref="r:a928d0f5-239c-4f48-bdaa-b034fae1801f(hse.thesis.eusuilang.expression.structure)/3428160356732690246" />
        </state>
      </provider>
    </entry>
    <entry file="mps://node://hse.thesis.esuilang.statemachine#7908250098678040716/main@generator/stateMachineLanguage">
      <provider selected="true" editor-type-id="MPSFileEditor">
        <state class="jetbrains.mps.ide.editor.BaseNodeEditor$BaseEditorState">
          <memento saveSessionState="false" viewPositionX="0" viewPositionY="0">
            <selectionStack>
              <stackElement className="jetbrains.mps.nodeEditor.selection.EditorCellLabelSelection">
                <property name="hasNonTrivialSelection" value="false" />
                <property name="caretX" value="359" />
                <property name="caretXRelative" value="0" />
                <property name="sideSelectDirection" value="NONE" />
                <cellInfo cellId="empty_targetConcept" cellNumber="0" isInList="false">
                  <node node_reference="r:b23701f1-ef43-45e1-99fc-92fa622ebfbe(main@generator)/7908250098678160663" />
                </cellInfo>
              </stackElement>
            </selectionStack>
            <errorMarkers />
            <transactionalProperties />
            <foldable>
              <collapsedElement isCollapsed="false">
                <cellIdElement cellId="refNodeList_dropAttrubuteRule" cellNumber="0" isInList="false">
                  <node node_reference="r:b23701f1-ef43-45e1-99fc-92fa622ebfbe(main@generator)/7908250098678160658" />
                </cellIdElement>
              </collapsedElement>
            </foldable>
            <restoreAlways />
          </memento>
          <inspectorMemento currentlyEditedNode="r:ca624576-716a-4ea9-94dc-4c50ccdcee27(hse.thesis.esuilang.statemachine.structure)/7908250098678091722" saveSessionState="false" viewPositionX="0" viewPositionY="0">
            <selectionStack />
            <errorMarkers />
            <transactionalProperties />
            <foldable />
            <restoreAlways />
            <enabledHints />
          </inspectorMemento>
        </state>
      </provider>
    </entry>
    <entry file="mps://node://hse.thesis.esuilang.statemachine#7908250098678040716/main@generator/StateMachineLangImp">
      <provider selected="true" editor-type-id="MPSFileEditor">
        <state class="jetbrains.mps.ide.editor.BaseNodeEditor$BaseEditorState">
          <memento saveSessionState="false" viewPositionX="0" viewPositionY="0">
            <selectionStack>
              <stackElement className="jetbrains.mps.nodeEditor.selection.EditorCellLabelSelection">
                <property name="hasNonTrivialSelection" value="false" />
                <property name="caretX" value="119" />
                <property name="caretXRelative" value="0" />
                <property name="sideSelectDirection" value="NONE" />
                <cellInfo cellId="property_name" cellNumber="0" isInList="false">
                  <node node_reference="r:b23701f1-ef43-45e1-99fc-92fa622ebfbe(main@generator)/7908250098678160777" />
                </cellInfo>
              </stackElement>
            </selectionStack>
            <errorMarkers />
            <transactionalProperties />
            <foldable />
            <restoreAlways />
          </memento>
          <inspectorMemento currentlyEditedNode="r:ca624576-716a-4ea9-94dc-4c50ccdcee27(hse.thesis.esuilang.statemachine.structure)/7908250098678091722" saveSessionState="false" viewPositionX="0" viewPositionY="0">
            <selectionStack />
            <errorMarkers />
            <transactionalProperties />
            <foldable />
            <restoreAlways />
            <enabledHints />
          </inspectorMemento>
        </state>
      </provider>
    </entry>
    <entry file="mps://node://hse.thesis.eusuilang.expression/hse.thesis.eusuilang.expression.structure/LogicalExpression">
      <provider selected="true" editor-type-id="MPSFileEditor">
        <state class="jetbrains.mps.ide.editor.tabs.TabbedEditor$TabbedEditorState">
          <memento saveSessionState="false" viewPositionX="0" viewPositionY="0">
            <selectionStack>
              <stackElement className="jetbrains.mps.nodeEditor.selection.EditorCellLabelSelection">
                <property name="hasNonTrivialSelection" value="false" />
                <property name="caretX" value="383" />
                <property name="caretXRelative" value="136" />
                <property name="sideSelectDirection" value="NONE" />
                <cellInfo cellId="property_name" cellNumber="0" isInList="false">
                  <node node_reference="r:32cd217d-b5e0-4793-8047-b3dbec31abdf(hse.thesis.eusuilang.expression.editor)/3428160356732642198" />
                </cellInfo>
              </stackElement>
            </selectionStack>
            <errorMarkers />
            <transactionalProperties />
            <foldable />
            <restoreAlways />
          </memento>
          <inspectorMemento currentlyEditedNode="r:32cd217d-b5e0-4793-8047-b3dbec31abdf(hse.thesis.eusuilang.expression.editor)/3428160356732550636" saveSessionState="false" viewPositionX="0" viewPositionY="0">
            <selectionStack />
            <errorMarkers />
            <transactionalProperties />
            <foldable />
            <restoreAlways />
            <enabledHints />
          </inspectorMemento>
          <node node_ref="r:32cd217d-b5e0-4793-8047-b3dbec31abdf(hse.thesis.eusuilang.expression.editor)/3428160356732642198" />
        </state>
      </provider>
    </entry>
    <entry file="mps://node://hse.thesis.eusuilang.expression/hse.thesis.eusuilang.expression.structure/MathVarReference">
      <provider selected="true" editor-type-id="MPSFileEditor">
        <state class="jetbrains.mps.ide.editor.tabs.TabbedEditor$TabbedEditorState" editorFocused="true">
          <memento saveSessionState="false" viewPositionX="0" viewPositionY="0">
            <selectionStack>
              <stackElement className="jetbrains.mps.nodeEditor.selection.EditorCellLabelSelection">
                <property name="hasNonTrivialSelection" value="false" />
                <property name="caretX" value="375" />
                <property name="caretXRelative" value="128" />
                <property name="sideSelectDirection" value="NONE" />
                <cellInfo cellId="property_name" cellNumber="0" isInList="false">
                  <node node_reference="r:32cd217d-b5e0-4793-8047-b3dbec31abdf(hse.thesis.eusuilang.expression.editor)/3428160356732617235" />
                </cellInfo>
              </stackElement>
            </selectionStack>
            <errorMarkers />
            <transactionalProperties />
            <foldable />
            <restoreAlways />
          </memento>
          <inspectorMemento currentlyEditedNode="r:32cd217d-b5e0-4793-8047-b3dbec31abdf(hse.thesis.eusuilang.expression.editor)/3428160356732617235" saveSessionState="false" viewPositionX="0" viewPositionY="0">
            <selectionStack />
            <errorMarkers />
            <transactionalProperties />
            <foldable />
            <restoreAlways />
            <enabledHints />
          </inspectorMemento>
          <node node_ref="r:32cd217d-b5e0-4793-8047-b3dbec31abdf(hse.thesis.eusuilang.expression.editor)/3428160356732617235" />
        </state>
      </provider>
    </entry>
    <entry file="mps://node://hse.thesis.eusuilang.expression/hse.thesis.eusuilang.expression.structure/MathVarDeclaration">
      <provider selected="true" editor-type-id="MPSFileEditor">
        <state class="jetbrains.mps.ide.editor.tabs.TabbedEditor$TabbedEditorState" editorFocused="true">
          <memento saveSessionState="false" viewPositionX="0" viewPositionY="0">
            <selectionStack>
              <stackElement className="jetbrains.mps.nodeEditor.selection.EditorCellLabelSelection">
                <property name="hasNonTrivialSelection" value="false" />
                <property name="caretX" value="391" />
                <property name="caretXRelative" value="144" />
                <property name="sideSelectDirection" value="NONE" />
                <cellInfo cellId="property_name" cellNumber="0" isInList="false">
                  <node node_reference="r:32cd217d-b5e0-4793-8047-b3dbec31abdf(hse.thesis.eusuilang.expression.editor)/3428160356732550636" />
                </cellInfo>
              </stackElement>
            </selectionStack>
            <errorMarkers />
            <transactionalProperties />
            <foldable />
            <restoreAlways />
          </memento>
          <inspectorMemento currentlyEditedNode="r:32cd217d-b5e0-4793-8047-b3dbec31abdf(hse.thesis.eusuilang.expression.editor)/3428160356732550636" saveSessionState="false" viewPositionX="0" viewPositionY="0">
            <selectionStack />
            <errorMarkers />
            <transactionalProperties />
            <foldable />
            <restoreAlways />
            <enabledHints />
          </inspectorMemento>
          <node node_ref="r:32cd217d-b5e0-4793-8047-b3dbec31abdf(hse.thesis.eusuilang.expression.editor)/3428160356732550636" />
        </state>
      </provider>
    </entry>
    <entry file="mps://node://hse.thesis.eusuilang.expression/hse.thesis.eusuilang.expression.structure/MathExpression">
      <provider selected="true" editor-type-id="MPSFileEditor">
        <state class="jetbrains.mps.ide.editor.tabs.TabbedEditor$TabbedEditorState" editorFocused="true">
          <memento saveSessionState="false" viewPositionX="0" viewPositionY="0">
            <selectionStack>
              <stackElement className="jetbrains.mps.nodeEditor.selection.EditorCellLabelSelection">
                <property name="hasNonTrivialSelection" value="false" />
                <property name="caretX" value="31" />
                <property name="caretXRelative" value="0" />
                <property name="sideSelectDirection" value="NONE" />
                <cellInfo cellId="Constant_ueqr71_h1c0" cellNumber="0" isInList="false">
                  <node node_reference="r:a928d0f5-239c-4f48-bdaa-b034fae1801f(hse.thesis.eusuilang.expression.structure)/3428160356732504459" />
                </cellInfo>
              </stackElement>
            </selectionStack>
            <errorMarkers />
            <transactionalProperties />
            <foldable />
            <restoreAlways />
          </memento>
          <inspectorMemento currentlyEditedNode="r:a928d0f5-239c-4f48-bdaa-b034fae1801f(hse.thesis.eusuilang.expression.structure)/3428160356732504459" saveSessionState="false" viewPositionX="0" viewPositionY="0">
            <selectionStack>
              <stackElement className="jetbrains.mps.nodeEditor.selection.EditorCellSelection">
                <property name="caretX" value="0" />
                <property name="caretXRelative" value="-15" />
                <property name="sideSelectDirection" value="NONE" />
                <cellInfo cellId="Collection_ueqr71_a_0" cellNumber="0" isInList="false">
                  <node node_reference="r:a928d0f5-239c-4f48-bdaa-b034fae1801f(hse.thesis.eusuilang.expression.structure)/3428160356732504459" />
                </cellInfo>
              </stackElement>
            </selectionStack>
            <errorMarkers />
            <transactionalProperties />
            <foldable />
            <restoreAlways />
            <enabledHints />
          </inspectorMemento>
          <node node_ref="r:a928d0f5-239c-4f48-bdaa-b034fae1801f(hse.thesis.eusuilang.expression.structure)/3428160356732504459" />
        </state>
      </provider>
    </entry>
    <entry file="mps://node://hse.thesis.eusuilang.expression/hse.thesis.eusuilang.expression.structure/MathAssigment">
      <provider selected="true" editor-type-id="MPSFileEditor">
        <state class="jetbrains.mps.ide.editor.tabs.TabbedEditor$TabbedEditorState" editorFocused="true">
          <memento saveSessionState="false" viewPositionX="0" viewPositionY="0">
            <selectionStack>
              <stackElement className="jetbrains.mps.nodeEditor.selection.EditorCellLabelSelection">
                <property name="hasNonTrivialSelection" value="false" />
                <property name="caretX" value="71" />
                <property name="caretXRelative" value="56" />
                <property name="sideSelectDirection" value="NONE" />
                <cellInfo cellId="Constant_ueqr71_c0a" cellNumber="0" isInList="false">
                  <node node_reference="r:a928d0f5-239c-4f48-bdaa-b034fae1801f(hse.thesis.eusuilang.expression.structure)/3428160356732547661" />
                </cellInfo>
              </stackElement>
            </selectionStack>
            <errorMarkers />
            <transactionalProperties />
            <foldable />
            <restoreAlways />
          </memento>
          <inspectorMemento currentlyEditedNode="r:a928d0f5-239c-4f48-bdaa-b034fae1801f(hse.thesis.eusuilang.expression.structure)/3428160356732547661" saveSessionState="false" viewPositionX="0" viewPositionY="0">
            <selectionStack />
            <errorMarkers />
            <transactionalProperties />
            <foldable />
            <restoreAlways />
            <enabledHints />
          </inspectorMemento>
          <node node_ref="r:a928d0f5-239c-4f48-bdaa-b034fae1801f(hse.thesis.eusuilang.expression.structure)/3428160356732547661" />
        </state>
      </provider>
    </entry>
    <entry file="mps://node://hse.thesis.eusuilang.expression/hse.thesis.eusuilang.expression.structure/BinaryMathExpression">
      <provider selected="true" editor-type-id="MPSFileEditor">
        <state class="jetbrains.mps.ide.editor.tabs.TabbedEditor$TabbedEditorState" editorFocused="true">
          <memento saveSessionState="false" viewPositionX="0" viewPositionY="0">
            <selectionStack>
              <stackElement className="jetbrains.mps.nodeEditor.selection.EditorCellLabelSelection">
                <property name="hasNonTrivialSelection" value="false" />
                <property name="caretX" value="519" />
                <property name="caretXRelative" value="112" />
                <property name="sideSelectDirection" value="NONE" />
                <cellInfo cellId="property_name" cellNumber="0" isInList="false">
                  <node node_reference="r:a928d0f5-239c-4f48-bdaa-b034fae1801f(hse.thesis.eusuilang.expression.structure)/3428160356732641268" />
                </cellInfo>
              </stackElement>
            </selectionStack>
            <errorMarkers />
            <transactionalProperties />
            <foldable />
            <restoreAlways />
          </memento>
          <inspectorMemento currentlyEditedNode="r:a928d0f5-239c-4f48-bdaa-b034fae1801f(hse.thesis.eusuilang.expression.structure)/3428160356732641268" saveSessionState="false" viewPositionX="0" viewPositionY="0">
            <selectionStack />
            <errorMarkers />
            <transactionalProperties />
            <foldable />
            <restoreAlways />
            <enabledHints />
          </inspectorMemento>
          <node node_ref="r:a928d0f5-239c-4f48-bdaa-b034fae1801f(hse.thesis.eusuilang.expression.structure)/3428160356732641268" />
        </state>
      </provider>
    </entry>
    <entry file="mps://node://hse.thesis.esuilang.statemachine/hse.thesis.esuilang.statemachine.structure/Transition">
      <provider selected="true" editor-type-id="MPSFileEditor">
        <state class="jetbrains.mps.ide.editor.tabs.TabbedEditor$TabbedEditorState">
          <memento saveSessionState="false" viewPositionX="0" viewPositionY="0">
            <selectionStack>
              <stackElement className="jetbrains.mps.nodeEditor.selection.EditorCellLabelSelection">
                <property name="hasNonTrivialSelection" value="false" />
                <property name="caretX" value="327" />
                <property name="caretXRelative" value="80" />
                <property name="sideSelectDirection" value="NONE" />
                <cellInfo cellId="property_name" cellNumber="0" isInList="false">
                  <node node_reference="r:df829ef3-8fab-4b5b-9fe3-e03db5ea6699(hse.thesis.esuilang.statemachine.editor)/7908250098678095369" />
                </cellInfo>
              </stackElement>
            </selectionStack>
            <errorMarkers />
            <transactionalProperties />
            <foldable />
            <restoreAlways />
          </memento>
          <inspectorMemento currentlyEditedNode="r:df829ef3-8fab-4b5b-9fe3-e03db5ea6699(hse.thesis.esuilang.statemachine.editor)/7908250098678095369" saveSessionState="false" viewPositionX="0" viewPositionY="0">
            <selectionStack />
            <errorMarkers />
            <transactionalProperties />
            <foldable />
            <restoreAlways />
            <enabledHints />
          </inspectorMemento>
          <node node_ref="r:df829ef3-8fab-4b5b-9fe3-e03db5ea6699(hse.thesis.esuilang.statemachine.editor)/7908250098678095369" />
        </state>
      </provider>
    </entry>
    <entry file="mps://node://hse.thesis.eusuilang.expression/hse.thesis.eusuilang.expression.structure/MathBooleanType">
      <provider selected="true" editor-type-id="MPSFileEditor">
        <state class="jetbrains.mps.ide.editor.tabs.TabbedEditor$TabbedEditorState" editorFocused="true">
          <memento saveSessionState="false" viewPositionX="0" viewPositionY="0">
            <selectionStack>
              <stackElement className="jetbrains.mps.nodeEditor.selection.EditorCellLabelSelection">
                <property name="hasNonTrivialSelection" value="false" />
                <property name="caretX" value="71" />
                <property name="caretXRelative" value="56" />
                <property name="sideSelectDirection" value="NONE" />
                <cellInfo cellId="Constant_ueqr71_c0a" cellNumber="0" isInList="false">
                  <node node_reference="r:a928d0f5-239c-4f48-bdaa-b034fae1801f(hse.thesis.eusuilang.expression.structure)/3428160356732643474" />
                </cellInfo>
              </stackElement>
            </selectionStack>
            <errorMarkers />
            <transactionalProperties />
            <foldable />
            <restoreAlways />
          </memento>
          <inspectorMemento currentlyEditedNode="r:a928d0f5-239c-4f48-bdaa-b034fae1801f(hse.thesis.eusuilang.expression.structure)/3428160356732643474" saveSessionState="false" viewPositionX="0" viewPositionY="0">
            <selectionStack />
            <errorMarkers />
            <transactionalProperties />
            <foldable />
            <restoreAlways />
            <enabledHints />
          </inspectorMemento>
          <node node_ref="r:a928d0f5-239c-4f48-bdaa-b034fae1801f(hse.thesis.eusuilang.expression.structure)/3428160356732643474" />
        </state>
      </provider>
    </entry>
    <entry file="mps://node://hse.thesis.eusuilang.expression/hse.thesis.eusuilang.expression.structure/MathType">
      <provider selected="true" editor-type-id="MPSFileEditor">
        <state class="jetbrains.mps.ide.editor.tabs.TabbedEditor$TabbedEditorState">
          <memento saveSessionState="false" viewPositionX="0" viewPositionY="0">
            <selectionStack>
              <stackElement className="jetbrains.mps.nodeEditor.selection.EditorCellLabelSelection">
                <property name="hasNonTrivialSelection" value="false" />
                <property name="caretX" value="31" />
                <property name="caretXRelative" value="0" />
                <property name="sideSelectDirection" value="NONE" />
                <cellInfo cellId="Constant_ueqr71_h1c0" cellNumber="0" isInList="false">
                  <node node_reference="r:a928d0f5-239c-4f48-bdaa-b034fae1801f(hse.thesis.eusuilang.expression.structure)/3428160356732643475" />
                </cellInfo>
              </stackElement>
            </selectionStack>
            <errorMarkers />
            <transactionalProperties />
            <foldable />
            <restoreAlways />
          </memento>
          <inspectorMemento currentlyEditedNode="r:a928d0f5-239c-4f48-bdaa-b034fae1801f(hse.thesis.eusuilang.expression.structure)/3428160356732643475" saveSessionState="false" viewPositionX="0" viewPositionY="0">
            <selectionStack>
              <stackElement className="jetbrains.mps.nodeEditor.selection.EditorCellSelection">
                <property name="caretX" value="0" />
                <property name="caretXRelative" value="-15" />
                <property name="sideSelectDirection" value="NONE" />
                <cellInfo cellId="Collection_ueqr71_a_0" cellNumber="0" isInList="false">
                  <node node_reference="r:a928d0f5-239c-4f48-bdaa-b034fae1801f(hse.thesis.eusuilang.expression.structure)/3428160356732643475" />
                </cellInfo>
              </stackElement>
            </selectionStack>
            <errorMarkers />
            <transactionalProperties />
            <foldable />
            <restoreAlways />
            <enabledHints />
          </inspectorMemento>
          <node node_ref="r:a928d0f5-239c-4f48-bdaa-b034fae1801f(hse.thesis.eusuilang.expression.structure)/3428160356732643475" />
        </state>
      </provider>
    </entry>
    <entry file="mpslang://hse.thesis.esuilang.statemachine">
      <provider selected="true" editor-type-id="MPSLanguageFileEditor">
        <state />
      </provider>
    </entry>
    <entry file="mpslang://hse.thesis.eusuilang.expression">
      <provider selected="true" editor-type-id="MPSLanguageFileEditor">
        <state />
      </provider>
    </entry>
    <entry file="mps://node://hse.thesis.esuilang.statemachine/hse.thesis.esuilang.statemachine.structure/Event">
      <provider selected="true" editor-type-id="MPSFileEditor">
        <state class="jetbrains.mps.ide.editor.tabs.TabbedEditor$TabbedEditorState" editorFocused="true">
          <memento saveSessionState="false" viewPositionX="0" viewPositionY="0">
            <selectionStack>
              <stackElement className="jetbrains.mps.nodeEditor.selection.EditorCellLabelSelection">
                <property name="hasNonTrivialSelection" value="false" />
                <property name="caretX" value="223" />
                <property name="caretXRelative" value="40" />
                <property name="sideSelectDirection" value="NONE" />
                <cellInfo cellId="property_name" cellNumber="0" isInList="false">
                  <node node_reference="r:4403b172-5462-4f79-9a82-497088ba0343(hse.thesis.esuilang.statemachine.constraints)/7908250098678169514" />
                </cellInfo>
              </stackElement>
            </selectionStack>
            <errorMarkers />
            <transactionalProperties />
            <foldable>
              <collapsedElement isCollapsed="false">
                <cellIdElement cellId="Collection_trik0f_b0" cellNumber="0" isInList="false">
                  <node node_reference="r:4403b172-5462-4f79-9a82-497088ba0343(hse.thesis.esuilang.statemachine.constraints)/7908250098678170192" />
                </cellIdElement>
              </collapsedElement>
            </foldable>
            <restoreAlways />
          </memento>
          <inspectorMemento currentlyEditedNode="r:4403b172-5462-4f79-9a82-497088ba0343(hse.thesis.esuilang.statemachine.constraints)/7908250098678169514" saveSessionState="false" viewPositionX="0" viewPositionY="0">
            <selectionStack />
            <errorMarkers />
            <transactionalProperties />
            <foldable />
            <restoreAlways />
            <enabledHints />
          </inspectorMemento>
          <node node_ref="r:4403b172-5462-4f79-9a82-497088ba0343(hse.thesis.esuilang.statemachine.constraints)/7908250098678169514" />
        </state>
      </provider>
    </entry>
    <entry file="mps://node://hse.thesis.esuilang.statemachine/hse.thesis.esuilang.statemachine.structure/State">
      <provider selected="true" editor-type-id="MPSFileEditor">
        <state class="jetbrains.mps.ide.editor.tabs.TabbedEditor$TabbedEditorState" editorFocused="true">
          <memento saveSessionState="false" viewPositionX="0" viewPositionY="0">
            <selectionStack>
              <stackElement className="jetbrains.mps.nodeEditor.selection.EditorCellLabelSelection">
                <property name="hasNonTrivialSelection" value="false" />
                <property name="caretX" value="223" />
                <property name="caretXRelative" value="40" />
                <property name="sideSelectDirection" value="NONE" />
                <cellInfo cellId="property_name" cellNumber="0" isInList="false">
                  <node node_reference="r:4403b172-5462-4f79-9a82-497088ba0343(hse.thesis.esuilang.statemachine.constraints)/7908250098678183033" />
                </cellInfo>
              </stackElement>
            </selectionStack>
            <errorMarkers />
            <transactionalProperties />
            <foldable>
              <collapsedElement isCollapsed="false">
                <cellIdElement cellId="Collection_trik0f_b0" cellNumber="0" isInList="false">
                  <node node_reference="r:4403b172-5462-4f79-9a82-497088ba0343(hse.thesis.esuilang.statemachine.constraints)/7908250098678183711" />
                </cellIdElement>
              </collapsedElement>
            </foldable>
            <restoreAlways />
          </memento>
          <inspectorMemento currentlyEditedNode="r:4403b172-5462-4f79-9a82-497088ba0343(hse.thesis.esuilang.statemachine.constraints)/7908250098678183033" saveSessionState="false" viewPositionX="0" viewPositionY="0">
            <selectionStack />
            <errorMarkers />
            <transactionalProperties />
            <foldable />
            <restoreAlways />
            <enabledHints />
          </inspectorMemento>
          <node node_ref="r:4403b172-5462-4f79-9a82-497088ba0343(hse.thesis.esuilang.statemachine.constraints)/7908250098678183033" />
        </state>
      </provider>
    </entry>
    <entry file="mpslang://hse.thesis.esuilang.shape.diagram">
      <provider selected="true" editor-type-id="MPSLanguageFileEditor">
        <state />
      </provider>
    </entry>
    <entry file="mps://node://hse.thesis.esuilang.statemachine/hse.thesis.esuilang.statemachine.structure/StateMachine">
      <provider selected="true" editor-type-id="MPSFileEditor">
        <state class="jetbrains.mps.ide.editor.tabs.TabbedEditor$TabbedEditorState">
          <memento saveSessionState="false" viewPositionX="0" viewPositionY="0">
            <selectionStack>
              <stackElement className="jetbrains.mps.nodeEditor.selection.EditorCellLabelSelection">
                <property name="hasNonTrivialSelection" value="false" />
                <property name="caretX" value="143" />
                <property name="caretXRelative" value="0" />
                <property name="sideSelectDirection" value="NONE" />
                <cellInfo cellId="empty_canBeParent" cellNumber="0" isInList="false">
                  <node node_reference="r:4403b172-5462-4f79-9a82-497088ba0343(hse.thesis.esuilang.statemachine.constraints)/7908250098678127422" />
                </cellInfo>
              </stackElement>
            </selectionStack>
            <errorMarkers />
            <transactionalProperties />
            <foldable>
              <collapsedElement isCollapsed="false">
                <cellIdElement cellId="Collection_trik0f_b0" cellNumber="0" isInList="false">
                  <node node_reference="r:4403b172-5462-4f79-9a82-497088ba0343(hse.thesis.esuilang.statemachine.constraints)/7908250098678128367" />
                </cellIdElement>
              </collapsedElement>
            </foldable>
            <restoreAlways />
          </memento>
          <inspectorMemento currentlyEditedNode="r:4403b172-5462-4f79-9a82-497088ba0343(hse.thesis.esuilang.statemachine.constraints)/7908250098678127422" saveSessionState="false" viewPositionX="0" viewPositionY="0">
            <selectionStack />
            <errorMarkers />
            <transactionalProperties />
            <foldable />
            <restoreAlways />
            <enabledHints />
          </inspectorMemento>
          <node node_ref="r:4403b172-5462-4f79-9a82-497088ba0343(hse.thesis.esuilang.statemachine.constraints)/7908250098678127422" />
        </state>
      </provider>
    </entry>
  </component>
</project>